Username ,First Name,Last Name,IP Phone,Notes
Darley-Room001,Darley-Room001,Resident,6701,SYSTEMACCOUNT
Darley-Room002,Darley-Room002,Resident,6702,SYSTEMACCOUNT
Darley-Room003,Darley-Room003,Resident,6703,SYSTEMACCOUNT
Darley-Room004,Darley-Room004,Resident,6704,SYSTEMACCOUNT
Darley-Room005,Darley-Room005,Resident,6705,SYSTEMACCOUNT
Darley-Room006,Darley-Room006,Resident,6706,SYSTEMACCOUNT
Darley-Room007,Darley-Room007,Resident,6707,SYSTEMACCOUNT
Darley-Room008,Darley-Room008,Resident,6708,SYSTEMACCOUNT
Darley-Room009,Darley-Room009,Resident,6709,SYSTEMACCOUNT
Darley-Room010,Darley-Room010,Resident,6710,SYSTEMACCOUNT
Darley-Room011,Darley-Room011,Resident,6711,SYSTEMACCOUNT
Darley-Room012,Darley-Room012,Resident,6712,SYSTEMACCOUNT
Darley-Room013,Darley-Room013,Resident,6713,SYSTEMACCOUNT
Darley-Room014,Darley-Room014,Resident,6714,SYSTEMACCOUNT
Darley-Room015,Darley-Room015,Resident,6715,SYSTEMACCOUNT
Darley-Room016,Darley-Room016,Resident,6716,SYSTEMACCOUNT
Darley-Room017,Darley-Room017,Resident,6717,SYSTEMACCOUNT
Darley-Room018,Darley-Room018,Resident,6718,SYSTEMACCOUNT
Darley-Room019,Darley-Room019,Resident,6719,SYSTEMACCOUNT
Darley-Room020,Darley-Room020,Resident,6720,SYSTEMACCOUNT
Darley-Room021,Darley-Room021,Resident,6721,SYSTEMACCOUNT
Darley-Room022,Darley-Room022,Resident,6722,SYSTEMACCOUNT
Darley-Room023,Darley-Room023,Resident,6723,SYSTEMACCOUNT
Darley-Room024,Darley-Room024,Resident,6724,SYSTEMACCOUNT
Darley-Room025,Darley-Room025,Resident,6725,SYSTEMACCOUNT
Darley-Room026,Darley-Room026,Resident,6726,SYSTEMACCOUNT
Darley-Room027,Darley-Room027,Resident,6727,SYSTEMACCOUNT
Darley-Room028,Darley-Room028,Resident,6728,SYSTEMACCOUNT
Darley-Room029,Darley-Room029,Resident,6729,SYSTEMACCOUNT
Darley-Room030,Darley-Room030,Resident,6730,SYSTEMACCOUNT
Darley-Room031,Darley-Room031,Resident,6731,SYSTEMACCOUNT
Darley-Room032,Darley-Room032,Resident,6732,SYSTEMACCOUNT
Darley-Room033,Darley-Room033,Resident,6733,SYSTEMACCOUNT
Darley-Room034,Darley-Room034,Resident,6734,SYSTEMACCOUNT
Darley-Room035,Darley-Room035,Resident,6735,SYSTEMACCOUNT
Darley-Room036,Darley-Room036,Resident,6736,SYSTEMACCOUNT
Darley-Room037,Darley-Room037,Resident,6737,SYSTEMACCOUNT
Darley-Room038,Darley-Room038,Resident,6738,SYSTEMACCOUNT
Darley-Room039,Darley-Room039,Resident,6739,SYSTEMACCOUNT
Darley-Room040,Darley-Room040,Resident,6740,SYSTEMACCOUNT
Darley-Room041,Darley-Room041,Resident,6741,SYSTEMACCOUNT
Darley-Room042,Darley-Room042,Resident,6742,SYSTEMACCOUNT
Darley-Room043,Darley-Room043,Resident,6743,SYSTEMACCOUNT
Darley-Room044,Darley-Room044,Resident,6744,SYSTEMACCOUNT
Darley-Room045,Darley-Room045,Resident,6745,SYSTEMACCOUNT
Darley-Room046,Darley-Room046,Resident,6746,SYSTEMACCOUNT
Darley-Room047,Darley-Room047,Resident,6747,SYSTEMACCOUNT
Darley-Room048,Darley-Room048,Resident,6748,SYSTEMACCOUNT
Darley-Room049,Darley-Room049,Resident,6749,SYSTEMACCOUNT
Darley-Room050,Darley-Room050,Resident,6750,SYSTEMACCOUNT
Darley-Room051,Darley-Room051,Resident,6751,SYSTEMACCOUNT
Darley-Room052,Darley-Room052,Resident,6752,SYSTEMACCOUNT
Darley-Room053,Darley-Room053,Resident,6753,SYSTEMACCOUNT
Darley-Room054,Darley-Room054,Resident,6754,SYSTEMACCOUNT
Darley-Room055,Darley-Room055,Resident,6755,SYSTEMACCOUNT
Darley-Room056,Darley-Room056,Resident,6756,SYSTEMACCOUNT
Darley-Room057,Darley-Room057,Resident,6757,SYSTEMACCOUNT
Darley-Room058,Darley-Room058,Resident,6758,SYSTEMACCOUNT
Darley-Room059,Darley-Room059,Resident,6759,SYSTEMACCOUNT
Darley-Room060,Darley-Room060,Resident,6760,SYSTEMACCOUNT
Darley-Room061,Darley-Room061,Resident,6761,SYSTEMACCOUNT
Darley-Room062,Darley-Room062,Resident,6762,SYSTEMACCOUNT
Darley-Room063,Darley-Room063,Resident,6763,SYSTEMACCOUNT
Darley-Room064,Darley-Room064,Resident,6764,SYSTEMACCOUNT
Darley-Room065,Darley-Room065,Resident,6765,SYSTEMACCOUNT
Darley-Room066,Darley-Room066,Resident,6766,SYSTEMACCOUNT
Darley-Room067,Darley-Room067,Resident,6767,SYSTEMACCOUNT
Darley-Room068,Darley-Room068,Resident,6768,SYSTEMACCOUNT
Darley-Room069,Darley-Room069,Resident,6769,SYSTEMACCOUNT
Darley-Room070,Darley-Room070,Resident,6770,SYSTEMACCOUNT
Darley-Room071,Darley-Room071,Resident,6771,SYSTEMACCOUNT
Darley-Room072,Darley-Room072,Resident,6772,SYSTEMACCOUNT
Darley-Room073,Darley-Room073,Resident,6773,SYSTEMACCOUNT
Darley-Room074,Darley-Room074,Resident,6774,SYSTEMACCOUNT
Darley-Room075,Darley-Room075,Resident,6775,SYSTEMACCOUNT
Darley-Room076,Darley-Room076,Resident,6776,SYSTEMACCOUNT
Darley-Room077,Darley-Room077,Resident,6777,SYSTEMACCOUNT
Darley-Room078,Darley-Room078,Resident,6778,SYSTEMACCOUNT
Darley-Room079,Darley-Room079,Resident,6779,SYSTEMACCOUNT
Darley-Room080,Darley-Room080,Resident,6780,SYSTEMACCOUNT
Darley-Room081,Darley-Room081,Resident,6781,SYSTEMACCOUNT
Darley-Room082,Darley-Room082,Resident,6782,SYSTEMACCOUNT
Darley-Room083,Darley-Room083,Resident,6783,SYSTEMACCOUNT
Darley-Room084,Darley-Room084,Resident,6784,SYSTEMACCOUNT
Darley-Room085,Darley-Room085,Resident,6785,SYSTEMACCOUNT
Darley-Room086,Darley-Room086,Resident,6786,SYSTEMACCOUNT
Darley-Room087,Darley-Room087,Resident,6787,SYSTEMACCOUNT
Darley-Room088,Darley-Room088,Resident,6788,SYSTEMACCOUNT
Darley-Room089,Darley-Room089,Resident,6789,SYSTEMACCOUNT
Darley-Room090,Darley-Room090,Resident,6790,SYSTEMACCOUNT
Darley-Room091,Darley-Room091,Resident,6791,SYSTEMACCOUNT
Darley-Room092,Darley-Room092,Resident,6792,SYSTEMACCOUNT
Darley-Room093,Darley-Room093,Resident,6793,SYSTEMACCOUNT
Darley-Room094,Darley-Room094,Resident,6794,SYSTEMACCOUNT
Darley-Room095,Darley-Room095,Resident,6795,SYSTEMACCOUNT
Darley-Room096,Darley-Room096,Resident,6796,SYSTEMACCOUNT
Darley-Room097,Darley-Room097,Resident,6797,SYSTEMACCOUNT
Darley-Room098,Darley-Room098,Resident,6798,SYSTEMACCOUNT
Darley-Room099,Darley-Room099,Resident,6799,SYSTEMACCOUNT
Darley-Room100,Darley-Room100,Resident,6800,SYSTEMACCOUNT
Darley-Room101,Darley-Room101,Resident,6801,SYSTEMACCOUNT
Darley-Room102,Darley-Room102,Resident,6802,SYSTEMACCOUNT
Darley-Room103,Darley-Room103,Resident,6803,SYSTEMACCOUNT
Darley-Room104,Darley-Room104,Resident,6804,SYSTEMACCOUNT
Darley-Room105,Darley-Room105,Resident,6805,SYSTEMACCOUNT
Darley-Room106,Darley-Room106,Resident,6806,SYSTEMACCOUNT
Darley-Room107,Darley-Room107,Resident,6807,SYSTEMACCOUNT
Darley-Room108,Darley-Room108,Resident,6808,SYSTEMACCOUNT
Darley-Room109,Darley-Room109,Resident,6809,SYSTEMACCOUNT
Darley-Room110,Darley-Room110,Resident,6810,SYSTEMACCOUNT
Darley-Room111,Darley-Room111,Resident,6811,SYSTEMACCOUNT
Darley-Room112,Darley-Room112,Resident,6812,SYSTEMACCOUNT
Darley-Room113,Darley-Room113,Resident,6813,SYSTEMACCOUNT
Darley-Room114,Darley-Room114,Resident,6814,SYSTEMACCOUNT
Darley-Room115,Darley-Room115,Resident,6815,SYSTEMACCOUNT
Darley-Room116,Darley-Room116,Resident,6816,SYSTEMACCOUNT
Darley-Room117,Darley-Room117,Resident,6817,SYSTEMACCOUNT
Darley-Room118,Darley-Room118,Resident,6818,SYSTEMACCOUNT
Darley-Room119,Darley-Room119,Resident,6819,SYSTEMACCOUNT
Darley-Room120,Darley-Room120,Resident,6820,SYSTEMACCOUNT
Darley-Room121,Darley-Room121,Resident,6821,SYSTEMACCOUNT
Darley-Room122,Darley-Room122,Resident,6822,SYSTEMACCOUNT
Darley-Room123,Darley-Room123,Resident,6823,SYSTEMACCOUNT
Darley-Room124,Darley-Room124,Resident,6824,SYSTEMACCOUNT
Darley-Room125,Darley-Room125,Resident,6825,SYSTEMACCOUNT
Darley-Room126,Darley-Room126,Resident,6826,SYSTEMACCOUNT
Darley-Room127,Darley-Room127,Resident,6827,SYSTEMACCOUNT
Darley-Room128,Darley-Room128,Resident,6828,SYSTEMACCOUNT
Darley-Room129,Darley-Room129,Resident,6829,SYSTEMACCOUNT
Darley-Room130,Darley-Room130,Resident,6830,SYSTEMACCOUNT
Darley-Room131,Darley-Room131,Resident,6831,SYSTEMACCOUNT
Darley-Room132,Darley-Room132,Resident,6832,SYSTEMACCOUNT
Darley-Room133,Darley-Room133,Resident,6833,SYSTEMACCOUNT
Darley-Room134,Darley-Room134,Resident,6834,SYSTEMACCOUNT
Darley-Room135,Darley-Room135,Resident,6835,SYSTEMACCOUNT
Darley-Room136,Darley-Room136,Resident,6836,SYSTEMACCOUNT
Darley-Room137,Darley-Room137,Resident,6837,SYSTEMACCOUNT
Darley-Room138,Darley-Room138,Resident,6838,SYSTEMACCOUNT
Darley-Room139,Darley-Room139,Resident,6839,SYSTEMACCOUNT
Darley-Room140,Darley-Room140,Resident,6840,SYSTEMACCOUNT
Darley-Room141,Darley-Room141,Resident,6841,SYSTEMACCOUNT
Darley-Room142,Darley-Room142,Resident,6842,SYSTEMACCOUNT
Darley-Room143,Darley-Room143,Resident,6843,SYSTEMACCOUNT
Darley-Room144,Darley-Room144,Resident,6844,SYSTEMACCOUNT
